지점,지점명,일시,기온(°C),강수량(mm),습도(%)
400,강남,2024-12-30 0:00,2.8,0,64
400,강남,2024-12-30 1:00,3.2,0,62
400,강남,2024-12-30 2:00,3.2,0,63
400,강남,2024-12-30 3:00,3.5,0,63
400,강남,2024-12-30 4:00,3.7,0,64
400,강남,2024-12-30 5:00,3,0,68
400,강남,2024-12-30 6:00,2.9,0,75
400,강남,2024-12-30 7:00,3.4,0,73
400,강남,2024-12-30 8:00,2.1,0,79
400,강남,2024-12-30 9:00,4,0,73
400,강남,2024-12-30 10:00,5.2,0,68
400,강남,2024-12-30 11:00,7.2,0,61
400,강남,2024-12-30 12:00,9.5,0,55
400,강남,2024-12-30 13:00,9.7,0,50
400,강남,2024-12-30 14:00,9.7,0,49
400,강남,2024-12-30 15:00,9.2,0,53
400,강남,2024-12-30 16:00,8.8,0,56
400,강남,2024-12-30 17:00,8.4,0,60
400,강남,2024-12-30 18:00,7.8,0,64
400,강남,2024-12-30 19:00,7.3,0,67
400,강남,2024-12-30 20:00,6.7,0,67
400,강남,2024-12-30 21:00,6.2,0,69
400,강남,2024-12-30 22:00,5.6,0,65
400,강남,2024-12-30 23:00,4.3,0,70
400,강남,2024-12-31 0:00,5.6,0,68
401,서초,2024-12-30 0:00,2.1,0,68
401,서초,2024-12-30 1:00,2.3,0,68
401,서초,2024-12-30 2:00,2.7,0,67
401,서초,2024-12-30 3:00,3.3,0,66
401,서초,2024-12-30 4:00,3.6,0,67
401,서초,2024-12-30 5:00,4,0,68
401,서초,2024-12-30 6:00,4,0,70
401,서초,2024-12-30 7:00,4,0,70
401,서초,2024-12-30 8:00,4.1,0,71
401,서초,2024-12-30 9:00,4.9,0,69
401,서초,2024-12-30 10:00,5.7,0,66
401,서초,2024-12-30 11:00,7.8,0,58
401,서초,2024-12-30 12:00,10.1,0,52
401,서초,2024-12-30 13:00,10.3,0,46
401,서초,2024-12-30 14:00,9.1,0,51
401,서초,2024-12-30 15:00,9.1,0,54
401,서초,2024-12-30 16:00,8.8,0,56
401,서초,2024-12-30 17:00,8.5,0,60
401,서초,2024-12-30 18:00,7.9,0,66
401,서초,2024-12-30 19:00,7,0,67
401,서초,2024-12-30 20:00,6.2,0,70
401,서초,2024-12-30 21:00,5.7,0,70
401,서초,2024-12-30 22:00,5,0,69
401,서초,2024-12-30 23:00,4.1,0,72
401,서초,2024-12-31 0:00,5,0,71
402,강동,2024-12-30 0:00,1.6,0,67
402,강동,2024-12-30 1:00,1.5,0,67
402,강동,2024-12-30 2:00,1.7,0,68
402,강동,2024-12-30 3:00,2,0,67
402,강동,2024-12-30 4:00,3,0,68
402,강동,2024-12-30 5:00,3.4,0,69
402,강동,2024-12-30 6:00,3.2,0,71
402,강동,2024-12-30 7:00,3,0,75
402,강동,2024-12-30 8:00,1.8,0,77
402,강동,2024-12-30 9:00,2.6,0,74
402,강동,2024-12-30 10:00,4.1,0,72
402,강동,2024-12-30 11:00,6.3,0,63
402,강동,2024-12-30 12:00,8.2,0,56
402,강동,2024-12-30 13:00,8.7,0,55
402,강동,2024-12-30 14:00,8.6,0,53
402,강동,2024-12-30 15:00,8.8,0,50
402,강동,2024-12-30 16:00,8.4,0,56
402,강동,2024-12-30 17:00,8,0,60
402,강동,2024-12-30 18:00,7.5,0,66
402,강동,2024-12-30 19:00,6.9,0,68
402,강동,2024-12-30 20:00,6.5,0,70
402,강동,2024-12-30 21:00,6.1,0,67
402,강동,2024-12-30 22:00,5,0,69
402,강동,2024-12-30 23:00,5,0,68
402,강동,2024-12-31 0:00,5.4,0,69
403,송파,2024-12-30 0:00,3.2,0,63
403,송파,2024-12-30 1:00,3.1,0,65
403,송파,2024-12-30 2:00,2.9,0,64
403,송파,2024-12-30 3:00,3.5,0,64
403,송파,2024-12-30 4:00,3.9,0,65
403,송파,2024-12-30 5:00,3.9,0,67
403,송파,2024-12-30 6:00,4.2,0,68
403,송파,2024-12-30 7:00,4.4,0,68
403,송파,2024-12-30 8:00,4,0,71
403,송파,2024-12-30 9:00,4.4,0,71
403,송파,2024-12-30 10:00,5.4,0,68
403,송파,2024-12-30 11:00,6.4,0,64
403,송파,2024-12-30 12:00,8.3,0,58
403,송파,2024-12-30 13:00,8.9,0,54
403,송파,2024-12-30 14:00,9.4,0,46
403,송파,2024-12-30 15:00,9.5,0,48
403,송파,2024-12-30 16:00,8.6,0,54
403,송파,2024-12-30 17:00,8.1,0,58
403,송파,2024-12-30 18:00,7.5,0,65
403,송파,2024-12-30 19:00,6.5,0,71
403,송파,2024-12-30 20:00,6.3,0,72
403,송파,2024-12-30 21:00,5.4,0,73
403,송파,2024-12-30 22:00,5.3,0,66
403,송파,2024-12-30 23:00,4.9,0,68
403,송파,2024-12-31 0:00,5.3,0,68
404,강서,2024-12-30 0:00,1.9,0,69
404,강서,2024-12-30 1:00,2.9,0,67
404,강서,2024-12-30 2:00,3.7,0,65
404,강서,2024-12-30 3:00,3.9,0,66
404,강서,2024-12-30 4:00,4.2,0,67
404,강서,2024-12-30 5:00,4.1,0,69
404,강서,2024-12-30 6:00,4.4,0,69
404,강서,2024-12-30 7:00,4.4,0,70
404,강서,2024-12-30 8:00,4.3,0,72
404,강서,2024-12-30 9:00,5.2,0,69
404,강서,2024-12-30 10:00,6.7,0,63
404,강서,2024-12-30 11:00,7.2,0,62
404,강서,2024-12-30 12:00,9,0,58
404,강서,2024-12-30 13:00,10,0,51
404,강서,2024-12-30 14:00,9.7,0,52
404,강서,2024-12-30 15:00,9.1,0,57
404,강서,2024-12-30 16:00,8.6,0,60
404,강서,2024-12-30 17:00,8,0,62
404,강서,2024-12-30 18:00,7,0,61
404,강서,2024-12-30 19:00,6.1,0,63
404,강서,2024-12-30 20:00,5.9,0,64
404,강서,2024-12-30 21:00,5.1,0,69
404,강서,2024-12-30 22:00,4.3,0,74
404,강서,2024-12-30 23:00,3.8,0,80
404,강서,2024-12-31 0:00,5.1,0,79
405,양천,2024-12-30 0:00,3.1,0,64
405,양천,2024-12-30 1:00,3.9,0,62
405,양천,2024-12-30 2:00,3.8,0,65
405,양천,2024-12-30 3:00,4,0,67
405,양천,2024-12-30 4:00,4.1,0,68
405,양천,2024-12-30 5:00,4.1,0,70
405,양천,2024-12-30 6:00,4.4,0,70
405,양천,2024-12-30 7:00,4.5,0,68
405,양천,2024-12-30 8:00,4.3,0,70
405,양천,2024-12-30 9:00,5,0,69
405,양천,2024-12-30 10:00,6.1,0,66
405,양천,2024-12-30 11:00,7.7,0,61
405,양천,2024-12-30 12:00,8.5,0,58
405,양천,2024-12-30 13:00,9.8,0,49
405,양천,2024-12-30 14:00,9.1,0,51
405,양천,2024-12-30 15:00,8.9,0,53
405,양천,2024-12-30 16:00,8.5,0,61
405,양천,2024-12-30 17:00,8,0,64
405,양천,2024-12-30 18:00,7.3,0,63
405,양천,2024-12-30 19:00,6.9,0,62
405,양천,2024-12-30 20:00,6.1,0,65
405,양천,2024-12-30 21:00,6.1,0,64
405,양천,2024-12-30 22:00,5.7,0,66
405,양천,2024-12-30 23:00,5.4,0,69
405,양천,2024-12-31 0:00,5.8,0,72
406,도봉,2024-12-30 0:00,-0.7,0,72
406,도봉,2024-12-30 1:00,-0.6,0,74
406,도봉,2024-12-30 2:00,-0.3,0,74
406,도봉,2024-12-30 3:00,0.1,0,76
406,도봉,2024-12-30 4:00,0.5,0,74
406,도봉,2024-12-30 5:00,0.7,0,77
406,도봉,2024-12-30 6:00,0.6,0,78
406,도봉,2024-12-30 7:00,1,0,81
406,도봉,2024-12-30 8:00,0.7,0,81
406,도봉,2024-12-30 9:00,0.7,0,84
406,도봉,2024-12-30 10:00,2.4,0,80
406,도봉,2024-12-30 11:00,4.6,0,72
406,도봉,2024-12-30 12:00,5.9,0,67
406,도봉,2024-12-30 13:00,9.1,0,57
406,도봉,2024-12-30 14:00,9.5,0,48
406,도봉,2024-12-30 15:00,9.3,0,49
406,도봉,2024-12-30 16:00,8.5,0,55
406,도봉,2024-12-30 17:00,7.9,0,59
406,도봉,2024-12-30 18:00,6.8,0,61
406,도봉,2024-12-30 19:00,6,0,59
406,도봉,2024-12-30 20:00,6.2,0,58
406,도봉,2024-12-30 21:00,4.6,0,62
406,도봉,2024-12-30 22:00,2.6,0,71
406,도봉,2024-12-30 23:00,1.2,0,77
406,도봉,2024-12-31 0:00,4.2,0,77
407,노원,2024-12-30 0:00,-0.7,0,71
407,노원,2024-12-30 1:00,-0.8,0,77
407,노원,2024-12-30 2:00,-0.8,0,77
407,노원,2024-12-30 3:00,0.8,0,69
407,노원,2024-12-30 4:00,0.9,0,70
407,노원,2024-12-30 5:00,1,0,72
407,노원,2024-12-30 6:00,1.2,0,73
407,노원,2024-12-30 7:00,1.4,0,73
407,노원,2024-12-30 8:00,1.1,0,76
407,노원,2024-12-30 9:00,2.1,0,74
407,노원,2024-12-30 10:00,4.1,0,68
407,노원,2024-12-30 11:00,5.3,0,65
407,노원,2024-12-30 12:00,8.6,0,57
407,노원,2024-12-30 13:00,9.8,0,52
407,노원,2024-12-30 14:00,9.1,0,49
407,노원,2024-12-30 15:00,9.2,0,49
407,노원,2024-12-30 16:00,8.5,0,55
407,노원,2024-12-30 17:00,8.1,0,61
407,노원,2024-12-30 18:00,7.3,0,65
407,노원,2024-12-30 19:00,6.7,0,66
407,노원,2024-12-30 20:00,1.9,0,83
407,노원,2024-12-30 21:00,3.8,0,72
407,노원,2024-12-30 22:00,-0.2,0,88
407,노원,2024-12-30 23:00,-1.8,0,91
407,노원,2024-12-31 0:00,0.5,0,88
408,동대문,2024-12-30 0:00,2.1,0,61
408,동대문,2024-12-30 1:00,2.4,0,62
408,동대문,2024-12-30 2:00,2.1,0,63
408,동대문,2024-12-30 3:00,2.5,0,63
408,동대문,2024-12-30 4:00,2.8,0,63
408,동대문,2024-12-30 5:00,2.9,0,64
408,동대문,2024-12-30 6:00,2.9,0,65
408,동대문,2024-12-30 7:00,2.9,0,67
408,동대문,2024-12-30 8:00,2.9,0,69
408,동대문,2024-12-30 9:00,3.4,0,69
408,동대문,2024-12-30 10:00,4.3,0,67
408,동대문,2024-12-30 11:00,6.2,0,64
408,동대문,2024-12-30 12:00,8.8,0,56
408,동대문,2024-12-30 13:00,9.2,0,52
408,동대문,2024-12-30 14:00,9.1,0,50
408,동대문,2024-12-30 15:00,8.9,0,50
408,동대문,2024-12-30 16:00,8.5,0,54
408,동대문,2024-12-30 17:00,8.1,0,61
408,동대문,2024-12-30 18:00,7.5,0,63
408,동대문,2024-12-30 19:00,7.2,0,62
408,동대문,2024-12-30 20:00,6.7,0,61
408,동대문,2024-12-30 21:00,6.1,0,62
408,동대문,2024-12-30 22:00,5.5,0,63
408,동대문,2024-12-30 23:00,4.9,0,70
408,동대문,2024-12-31 0:00,5.3,0,70
409,중랑,2024-12-30 0:00,2.1,0,62
409,중랑,2024-12-30 1:00,2.7,0,61
409,중랑,2024-12-30 2:00,2.5,0,63
409,중랑,2024-12-30 3:00,2.9,0,63
409,중랑,2024-12-30 4:00,2.8,0,64
409,중랑,2024-12-30 5:00,3,0,64
409,중랑,2024-12-30 6:00,3.1,0,65
409,중랑,2024-12-30 7:00,3.2,0,67
409,중랑,2024-12-30 8:00,3.3,0,69
409,중랑,2024-12-30 9:00,3.7,0,69
409,중랑,2024-12-30 10:00,5.1,0,68
409,중랑,2024-12-30 11:00,6.6,0,63
409,중랑,2024-12-30 12:00,7.8,0,58
409,중랑,2024-12-30 13:00,8.5,0,54
409,중랑,2024-12-30 14:00,9.7,0,49
409,중랑,2024-12-30 15:00,8.8,0,49
409,중랑,2024-12-30 16:00,8.5,0,54
409,중랑,2024-12-30 17:00,8.1,0,60
409,중랑,2024-12-30 18:00,7.6,0,63
409,중랑,2024-12-30 19:00,7.3,0,62
409,중랑,2024-12-30 20:00,6.8,0,61
409,중랑,2024-12-30 21:00,6.2,0,63
409,중랑,2024-12-30 22:00,5.8,0,62
409,중랑,2024-12-30 23:00,5.2,0,69
409,중랑,2024-12-31 0:00,5.4,0,70
410,기상청,2024-12-30 0:00,1.8,0,66
410,기상청,2024-12-30 1:00,2.3,0,66
410,기상청,2024-12-30 2:00,2.1,0,70
410,기상청,2024-12-30 3:00,2.5,0,71
410,기상청,2024-12-30 4:00,2.7,0,71
410,기상청,2024-12-30 5:00,2.8,0,72
410,기상청,2024-12-30 6:00,3,0,73
410,기상청,2024-12-30 7:00,3.1,0,74
410,기상청,2024-12-30 8:00,3,0,75
410,기상청,2024-12-30 9:00,3.5,0,74
410,기상청,2024-12-30 10:00,4.6,0,70
410,기상청,2024-12-30 11:00,6.9,0,63
410,기상청,2024-12-30 12:00,7.9,0,62
410,기상청,2024-12-30 13:00,7.9,0,58
410,기상청,2024-12-30 14:00,8.4,0,53
410,기상청,2024-12-30 15:00,8.2,0,57
410,기상청,2024-12-30 16:00,7.4,0,62
410,기상청,2024-12-30 17:00,6.7,0,69
410,기상청,2024-12-30 18:00,5.9,0,71
410,기상청,2024-12-30 19:00,5.3,0,72
410,기상청,2024-12-30 20:00,4.7,0,73
410,기상청,2024-12-30 21:00,4.2,0,73
410,기상청,2024-12-30 22:00,3.7,0,71
410,기상청,2024-12-30 23:00,3.2,0,76
410,기상청,2024-12-31 0:00,3.4,0,78
411,마포,2024-12-30 0:00,3,0,65
411,마포,2024-12-30 1:00,3.2,0,64
411,마포,2024-12-30 2:00,3.3,0,65
411,마포,2024-12-30 3:00,3.4,0,67
411,마포,2024-12-30 4:00,3.4,0,67
411,마포,2024-12-30 5:00,3.6,0,68
411,마포,2024-12-30 6:00,3.6,0,68
411,마포,2024-12-30 7:00,3.6,0,70
411,마포,2024-12-30 8:00,3.8,0,71
411,마포,2024-12-30 9:00,4.4,0,71
411,마포,2024-12-30 10:00,5.2,0,70
411,마포,2024-12-30 11:00,7.1,0,65
411,마포,2024-12-30 12:00,8,0,61
411,마포,2024-12-30 13:00,8.2,0,55
411,마포,2024-12-30 14:00,8.4,0,54
411,마포,2024-12-30 15:00,7.9,0,57
411,마포,2024-12-30 16:00,7.7,0,64
411,마포,2024-12-30 17:00,7.1,0,68
411,마포,2024-12-30 18:00,6.8,0,66
411,마포,2024-12-30 19:00,6.2,0,66
411,마포,2024-12-30 20:00,5.6,0,67
411,마포,2024-12-30 21:00,4.8,0,69
411,마포,2024-12-30 22:00,4.1,0,73
411,마포,2024-12-30 23:00,4.3,0,74
411,마포,2024-12-31 0:00,4.7,0,77
412,서대문,2024-12-30 0:00,2.3,0,63
412,서대문,2024-12-30 1:00,2.5,0,62
412,서대문,2024-12-30 2:00,2.7,0,65
412,서대문,2024-12-30 3:00,2.7,0,67
412,서대문,2024-12-30 4:00,3.1,0,66
412,서대문,2024-12-30 5:00,3.3,0,67
412,서대문,2024-12-30 6:00,3.4,0,69
412,서대문,2024-12-30 7:00,3.4,0,69
412,서대문,2024-12-30 8:00,3.3,0,71
412,서대문,2024-12-30 9:00,4.1,0,70
412,서대문,2024-12-30 10:00,5.2,0,66
412,서대문,2024-12-30 11:00,7.4,0,59
412,서대문,2024-12-30 12:00,8.7,0,54
412,서대문,2024-12-30 13:00,8.1,0,54
412,서대문,2024-12-30 14:00,9.4,0,47
412,서대문,2024-12-30 15:00,8.4,0,54
412,서대문,2024-12-30 16:00,7.6,0,61
412,서대문,2024-12-30 17:00,7.1,0,64
412,서대문,2024-12-30 18:00,6.6,0,64
412,서대문,2024-12-30 19:00,5.4,0,68
412,서대문,2024-12-30 20:00,4.4,0,70
412,서대문,2024-12-30 21:00,3.9,0,68
412,서대문,2024-12-30 22:00,3.1,0,73
412,서대문,2024-12-30 23:00,2.7,0,80
412,서대문,2024-12-31 0:00,4.2,0,79
413,광진,2024-12-30 0:00,3,0,63
413,광진,2024-12-30 1:00,3.1,0,62
413,광진,2024-12-30 2:00,2.9,0,64
413,광진,2024-12-30 3:00,3.2,0,64
413,광진,2024-12-30 4:00,3.5,0,66
413,광진,2024-12-30 5:00,3.5,0,67
413,광진,2024-12-30 6:00,3.9,0,68
413,광진,2024-12-30 7:00,3.8,0,69
413,광진,2024-12-30 8:00,3.8,0,71
413,광진,2024-12-30 9:00,4.6,0,69
413,광진,2024-12-30 10:00,5.2,0,68
413,광진,2024-12-30 11:00,7.1,0,63
413,광진,2024-12-30 12:00,9.8,0,53
413,광진,2024-12-30 13:00,9.3,0,54
413,광진,2024-12-30 14:00,9.2,0,50
413,광진,2024-12-30 15:00,9.3,0,50
413,광진,2024-12-30 16:00,8.7,0,55
413,광진,2024-12-30 17:00,8.4,0,60
413,광진,2024-12-30 18:00,8,0,65
413,광진,2024-12-30 19:00,7.3,0,65
413,광진,2024-12-30 20:00,6.8,0,68
413,광진,2024-12-30 21:00,6.1,0,67
413,광진,2024-12-30 22:00,5.9,0,65
413,광진,2024-12-30 23:00,5.1,0,68
413,광진,2024-12-31 0:00,5.8,0,68
414,성북,2024-12-30 0:00,1.1,0,70
414,성북,2024-12-30 1:00,1.8,0,67
414,성북,2024-12-30 2:00,1.5,0,69
414,성북,2024-12-30 3:00,2,0,67
414,성북,2024-12-30 4:00,2,0,67
414,성북,2024-12-30 5:00,2.2,0,68
414,성북,2024-12-30 6:00,2.3,0,69
414,성북,2024-12-30 7:00,2.5,0,71
414,성북,2024-12-30 8:00,2.1,0,74
414,성북,2024-12-30 9:00,2.7,0,72
414,성북,2024-12-30 10:00,4.1,0,69
414,성북,2024-12-30 11:00,5,0,66
414,성북,2024-12-30 12:00,8,0,59
414,성북,2024-12-30 13:00,7.7,0,57
414,성북,2024-12-30 14:00,8.3,0,52
414,성북,2024-12-30 15:00,7.8,0,56
414,성북,2024-12-30 16:00,7.4,0,63
414,성북,2024-12-30 17:00,7.1,0,64
414,성북,2024-12-30 18:00,6.6,0,65
414,성북,2024-12-30 19:00,5.8,0,61
414,성북,2024-12-30 20:00,5.4,0,63
414,성북,2024-12-30 21:00,4.6,0,66
414,성북,2024-12-30 22:00,4.1,0,71
414,성북,2024-12-30 23:00,3.7,0,76
414,성북,2024-12-31 0:00,4.2,0,78
415,용산,2024-12-30 0:00,2.5,0,62
415,용산,2024-12-30 1:00,2.7,0,62
415,용산,2024-12-30 2:00,2.4,0,64
415,용산,2024-12-30 3:00,2.6,0,64
415,용산,2024-12-30 4:00,2.8,0,65
415,용산,2024-12-30 5:00,2.7,0,67
415,용산,2024-12-30 6:00,2.8,0,69
415,용산,2024-12-30 7:00,2.8,0,66
415,용산,2024-12-30 8:00,2.8,0,68
415,용산,2024-12-30 9:00,3.2,0,69
415,용산,2024-12-30 10:00,4.5,0,67
415,용산,2024-12-30 11:00,7.6,0,60
415,용산,2024-12-30 12:00,8.5,0,58
415,용산,2024-12-30 13:00,8.9,0,53
415,용산,2024-12-30 14:00,9.6,0,48
415,용산,2024-12-30 15:00,9.3,0,52
415,용산,2024-12-30 16:00,8.9,0,56
415,용산,2024-12-30 17:00,8.4,0,62
415,용산,2024-12-30 18:00,7.9,0,64
415,용산,2024-12-30 19:00,7.3,0,64
415,용산,2024-12-30 20:00,6.7,0,63
415,용산,2024-12-30 21:00,6.4,0,63
415,용산,2024-12-30 22:00,5.9,0,62
415,용산,2024-12-30 23:00,5.6,0,67
415,용산,2024-12-31 0:00,5.7,0,68
416,은평,2024-12-30 0:00,1.2,0,69
416,은평,2024-12-30 1:00,4.8,0,56
416,은평,2024-12-30 2:00,4.5,0,60
416,은평,2024-12-30 3:00,4.7,0,61
416,은평,2024-12-30 4:00,4.4,0,65
416,은평,2024-12-30 5:00,5.4,0,64
416,은평,2024-12-30 6:00,4.9,0,65
416,은평,2024-12-30 7:00,4.9,0,70
416,은평,2024-12-30 8:00,4,0,74
416,은평,2024-12-30 9:00,5.1,0,69
416,은평,2024-12-30 10:00,6.6,0,62
416,은평,2024-12-30 11:00,7.3,0,59
416,은평,2024-12-30 12:00,8.4,0,56
416,은평,2024-12-30 13:00,8.7,0,51
416,은평,2024-12-30 14:00,9.3,0,46
416,은평,2024-12-30 15:00,8.5,0,50
416,은평,2024-12-30 16:00,7.9,0,56
416,은평,2024-12-30 17:00,6.7,0,60
416,은평,2024-12-30 18:00,6.5,0,58
416,은평,2024-12-30 19:00,3.6,0,69
416,은평,2024-12-30 20:00,0.8,0,80
416,은평,2024-12-30 21:00,0.8,0,78
416,은평,2024-12-30 22:00,-0.8,0,85
416,은평,2024-12-30 23:00,-0.6,0,87
416,은평,2024-12-31 0:00,1.6,0,82
417,금천,2024-12-30 0:00,3.9,0,59
417,금천,2024-12-30 1:00,4,0,60
417,금천,2024-12-30 2:00,4,0,64
417,금천,2024-12-30 3:00,4.3,0,64
417,금천,2024-12-30 4:00,4.4,0,64
417,금천,2024-12-30 5:00,4.5,0,66
417,금천,2024-12-30 6:00,4.6,0,67
417,금천,2024-12-30 7:00,4.8,0,67
417,금천,2024-12-30 8:00,4.7,0,68
417,금천,2024-12-30 9:00,5,0,68
417,금천,2024-12-30 10:00,5.7,0,65
417,금천,2024-12-30 11:00,7.3,0,60
417,금천,2024-12-30 12:00,8.9,0,57
417,금천,2024-12-30 13:00,9.7,0,50
417,금천,2024-12-30 14:00,9.4,0,50
417,금천,2024-12-30 15:00,9.1,0,54
417,금천,2024-12-30 16:00,8.5,0,58
417,금천,2024-12-30 17:00,8,0,65
417,금천,2024-12-30 18:00,7.3,0,68
417,금천,2024-12-30 19:00,6.8,0,67
417,금천,2024-12-30 20:00,6.4,0,69
417,금천,2024-12-30 21:00,6,0,66
417,금천,2024-12-30 22:00,5.2,0,68
417,금천,2024-12-30 23:00,5,0,69
417,금천,2024-12-31 0:00,5.2,0,73
418,한강,2024-12-30 0:00,3.5,0,64
418,한강,2024-12-30 1:00,3.5,0,65
418,한강,2024-12-30 2:00,3.8,0,62
418,한강,2024-12-30 3:00,3.6,0,64
418,한강,2024-12-30 4:00,3.6,0,64
418,한강,2024-12-30 5:00,3.4,0,70
418,한강,2024-12-30 6:00,3.5,0,66
418,한강,2024-12-30 7:00,3.9,0,68
418,한강,2024-12-30 8:00,3.9,0,68
418,한강,2024-12-30 9:00,4.4,0,68
418,한강,2024-12-30 10:00,4.6,0,71
418,한강,2024-12-30 11:00,7.7,0,58
418,한강,2024-12-30 12:00,8.9,0,55
418,한강,2024-12-30 13:00,9.3,0,50
418,한강,2024-12-30 14:00,9.8,0,46
418,한강,2024-12-30 15:00,9.6,0,50
418,한강,2024-12-30 16:00,8.9,0,54
418,한강,2024-12-30 17:00,8.5,0,60
418,한강,2024-12-30 18:00,7.9,0,61
418,한강,2024-12-30 19:00,7.4,0,59
418,한강,2024-12-30 20:00,6.8,0,60
418,한강,2024-12-30 21:00,6.3,0,62
418,한강,2024-12-30 22:00,5.4,0,65
418,한강,2024-12-30 23:00,5.5,0,65
418,한강,2024-12-31 0:00,6,0,67
419,중구,2024-12-30 0:00,1.4,0,69
419,중구,2024-12-30 1:00,1.7,0,69
419,중구,2024-12-30 2:00,2.2,0,71
419,중구,2024-12-30 3:00,2.4,0,72
419,중구,2024-12-30 4:00,2.6,0,74
419,중구,2024-12-30 5:00,2.7,0,74
419,중구,2024-12-30 6:00,2.6,0,75
419,중구,2024-12-30 7:00,2.8,0,78
419,중구,2024-12-30 8:00,2.8,0,78
419,중구,2024-12-30 9:00,3.3,0,77
419,중구,2024-12-30 10:00,3.8,0,75
419,중구,2024-12-30 11:00,5.1,0,71
419,중구,2024-12-30 12:00,7,0,64
419,중구,2024-12-30 13:00,7.6,0,57
419,중구,2024-12-30 14:00,7.5,0,56
419,중구,2024-12-30 15:00,6.9,0,59
419,중구,2024-12-30 16:00,6.2,0,66
419,중구,2024-12-30 17:00,5.8,0,73
419,중구,2024-12-30 18:00,5.2,0,72
419,중구,2024-12-30 19:00,4.6,0,72
419,중구,2024-12-30 20:00,4.2,0,72
419,중구,2024-12-30 21:00,3.8,0,74
419,중구,2024-12-30 22:00,3.3,0,74
419,중구,2024-12-30 23:00,2.9,0,79
419,중구,2024-12-31 0:00,3.3,0,81
421,성동,2024-12-30 0:00,3.3,0,63
421,성동,2024-12-30 1:00,3.3,0,63
421,성동,2024-12-30 2:00,3.1,0,64
421,성동,2024-12-30 3:00,3.2,0,66
421,성동,2024-12-30 4:00,3.3,0,67
421,성동,2024-12-30 5:00,3.5,0,67
421,성동,2024-12-30 6:00,3.4,0,67
421,성동,2024-12-30 7:00,3.6,0,69
421,성동,2024-12-30 8:00,3.6,0,69
421,성동,2024-12-30 9:00,4.1,0,69
421,성동,2024-12-30 10:00,5.6,0,67
421,성동,2024-12-30 11:00,7,0,62
421,성동,2024-12-30 12:00,8.2,0,59
421,성동,2024-12-30 13:00,8.7,0,54
421,성동,2024-12-30 14:00,9.6,0,47
421,성동,2024-12-30 15:00,8.9,0,52
421,성동,2024-12-30 16:00,8.5,0,56
421,성동,2024-12-30 17:00,8.2,0,61
421,성동,2024-12-30 18:00,7.7,0,65
421,성동,2024-12-30 19:00,6.9,0,65
421,성동,2024-12-30 20:00,6.4,0,67
421,성동,2024-12-30 21:00,5.8,0,67
421,성동,2024-12-30 22:00,5.8,0,64
421,성동,2024-12-30 23:00,5.4,0,69
421,성동,2024-12-31 0:00,5.3,0,71
423,구로,2024-12-30 0:00,1.8,0,70
423,구로,2024-12-30 1:00,3.2,0,64
423,구로,2024-12-30 2:00,3.2,0,66
423,구로,2024-12-30 3:00,3.4,0,68
423,구로,2024-12-30 4:00,3.5,0,69
423,구로,2024-12-30 5:00,4,0,70
423,구로,2024-12-30 6:00,3.8,0,70
423,구로,2024-12-30 7:00,3.9,0,71
423,구로,2024-12-30 8:00,3.7,0,73
423,구로,2024-12-30 9:00,4,0,73
423,구로,2024-12-30 10:00,5.4,0,68
423,구로,2024-12-30 11:00,7.4,0,62
423,구로,2024-12-30 12:00,9.2,0,56
423,구로,2024-12-30 13:00,10.2,0,50
423,구로,2024-12-30 14:00,9.8,0,51
423,구로,2024-12-30 15:00,9.5,0,53
423,구로,2024-12-30 16:00,8.9,0,60
423,구로,2024-12-30 17:00,8.2,0,64
423,구로,2024-12-30 18:00,7.5,0,63
423,구로,2024-12-30 19:00,6.8,0,64
423,구로,2024-12-30 20:00,6.3,0,66
423,구로,2024-12-30 21:00,5.9,0,65
423,구로,2024-12-30 22:00,5.5,0,67
423,구로,2024-12-30 23:00,5.1,0,71
423,구로,2024-12-31 0:00,5.6,0,74
424,강북*,2024-12-30 0:00,-0.1,0,80
424,강북*,2024-12-30 1:00,0.4,0,77
424,강북*,2024-12-30 2:00,0.3,0,79
424,강북*,2024-12-30 3:00,0.9,0,75
424,강북*,2024-12-30 4:00,1,0,78
424,강북*,2024-12-30 5:00,1.1,0,78
424,강북*,2024-12-30 6:00,1.4,0,76
424,강북*,2024-12-30 7:00,1.8,0,75
424,강북*,2024-12-30 8:00,0.8,0,83
424,강북*,2024-12-30 9:00,1.8,0,80
424,강북*,2024-12-30 10:00,3.8,0,72
424,강북*,2024-12-30 11:00,5.2,0,67
424,강북*,2024-12-30 12:00,7.1,0,63
424,강북*,2024-12-30 13:00,9.3,0,54
424,강북*,2024-12-30 14:00,8.3,0,55
424,강북*,2024-12-30 15:00,8.4,0,54
424,강북*,2024-12-30 16:00,7.7,0,61
424,강북*,2024-12-30 17:00,7.3,0,63
424,강북*,2024-12-30 18:00,6.7,0,63
424,강북*,2024-12-30 19:00,6.5,0,59
424,강북*,2024-12-30 20:00,6.2,0,60
424,강북*,2024-12-30 21:00,5.5,0,63
424,강북*,2024-12-30 22:00,4.6,0,68
424,강북*,2024-12-30 23:00,5,0,70
424,강북*,2024-12-31 0:00,5.2,0,73
425,남현,2024-12-30 0:00,3.7,0,62
425,남현,2024-12-30 1:00,3.6,0,63
425,남현,2024-12-30 2:00,2.8,0,71
425,남현,2024-12-30 3:00,3.2,0,70
425,남현,2024-12-30 4:00,4.1,0,70
425,남현,2024-12-30 5:00,3.9,0,73
425,남현,2024-12-30 6:00,3.9,0,73
425,남현,2024-12-30 7:00,4.1,0,72
425,남현,2024-12-30 8:00,4.4,0,75
425,남현,2024-12-30 9:00,5,0,72
425,남현,2024-12-30 10:00,5.4,0,68
425,남현,2024-12-30 11:00,7.2,0,62
425,남현,2024-12-30 12:00,8.8,0,56
425,남현,2024-12-30 13:00,8.9,0,50
425,남현,2024-12-30 14:00,8.1,0,56
425,남현,2024-12-30 15:00,8,0,59
425,남현,2024-12-30 16:00,7.6,0,62
425,남현,2024-12-30 17:00,7.3,0,67
425,남현,2024-12-30 18:00,5.7,0,74
425,남현,2024-12-30 19:00,5.3,0,78
425,남현,2024-12-30 20:00,5.1,0,75
425,남현,2024-12-30 21:00,3.3,0,81
425,남현,2024-12-30 22:00,3,0,80
425,남현,2024-12-30 23:00,3.1,0,80
425,남현,2024-12-31 0:00,4.4,0,76
509,관악,2024-12-30 0:00,2.7,0,63
509,관악,2024-12-30 1:00,2.7,0,64
509,관악,2024-12-30 2:00,2.9,0,67
509,관악,2024-12-30 3:00,3.3,0,68
509,관악,2024-12-30 4:00,3,0,69
509,관악,2024-12-30 5:00,2.7,0,71
509,관악,2024-12-30 6:00,3.1,0,70
509,관악,2024-12-30 7:00,3.3,0,71
509,관악,2024-12-30 8:00,3.3,0,72
509,관악,2024-12-30 9:00,3.8,0,73
509,관악,2024-12-30 10:00,4.8,0,70
509,관악,2024-12-30 11:00,6.5,0,63
509,관악,2024-12-30 12:00,7.8,0,59
509,관악,2024-12-30 13:00,8.3,0,51
509,관악,2024-12-30 14:00,7.5,0,57
509,관악,2024-12-30 15:00,7.5,0,60
509,관악,2024-12-30 16:00,7.3,0,61
509,관악,2024-12-30 17:00,7,0,67
509,관악,2024-12-30 18:00,6.3,0,73
509,관악,2024-12-30 19:00,4.3,0,79
509,관악,2024-12-30 20:00,3.9,0,81
509,관악,2024-12-30 21:00,5,0,71
509,관악,2024-12-30 22:00,4.2,0,73
509,관악,2024-12-30 23:00,3.9,0,73
509,관악,2024-12-31 0:00,4.5,0,75
510,영등포,2024-12-30 0:00,3.8,0,61
510,영등포,2024-12-30 1:00,4.3,0,60
510,영등포,2024-12-30 2:00,4.1,0,63
510,영등포,2024-12-30 3:00,4.4,0,65
510,영등포,2024-12-30 4:00,4.5,0,66
510,영등포,2024-12-30 5:00,4.8,0,66
510,영등포,2024-12-30 6:00,4.8,0,67
510,영등포,2024-12-30 7:00,4.9,0,67
510,영등포,2024-12-30 8:00,4.7,0,68
510,영등포,2024-12-30 9:00,5.4,0,68
510,영등포,2024-12-30 10:00,6.1,0,66
510,영등포,2024-12-30 11:00,7.9,0,60
510,영등포,2024-12-30 12:00,8.6,0,57
510,영등포,2024-12-30 13:00,10,0,49
510,영등포,2024-12-30 14:00,9.5,0,50
510,영등포,2024-12-30 15:00,9.2,0,53
510,영등포,2024-12-30 16:00,8.7,0,59
510,영등포,2024-12-30 17:00,8.2,0,64
510,영등포,2024-12-30 18:00,7.6,0,62
510,영등포,2024-12-30 19:00,7,0,63
510,영등포,2024-12-30 20:00,6.7,0,64
510,영등포,2024-12-30 21:00,6.3,0,64
510,영등포,2024-12-30 22:00,5.6,0,65
510,영등포,2024-12-30 23:00,5.6,0,69
510,영등포,2024-12-31 0:00,5.8,0,71
889,현충원,2024-12-30 0:00,0.8,0,86
889,현충원,2024-12-30 1:00,1.5,0,83
889,현충원,2024-12-30 2:00,0.4,0,87
889,현충원,2024-12-30 3:00,0.7,0,89
889,현충원,2024-12-30 4:00,1,0,90
889,현충원,2024-12-30 5:00,1.3,0,90
889,현충원,2024-12-30 6:00,1.5,0,90
889,현충원,2024-12-30 7:00,1.6,0,90
889,현충원,2024-12-30 8:00,1.4,0,94
889,현충원,2024-12-30 9:00,2.2,0,93
889,현충원,2024-12-30 10:00,5.6,0,80
889,현충원,2024-12-30 11:00,8.9,0,61
889,현충원,2024-12-30 12:00,9.9,0,59
889,현충원,2024-12-30 13:00,10.5,0,54
889,현충원,2024-12-30 14:00,10.2,0,51
889,현충원,2024-12-30 15:00,9.7,0,54
889,현충원,2024-12-30 16:00,9.1,0,59
889,현충원,2024-12-30 17:00,8.5,0,65
889,현충원,2024-12-30 18:00,8,0,69
889,현충원,2024-12-30 19:00,5.7,0,74
889,현충원,2024-12-30 20:00,3.4,0,88
889,현충원,2024-12-30 21:00,2.5,0,88
889,현충원,2024-12-30 22:00,2.6,0,83
889,현충원,2024-12-30 23:00,2.2,0,89
889,현충원,2024-12-31 0:00,4.6,0,87
